timestamp,request_timestamp,accepted_timestamp,status,user_id,driver_id,vehicle_type,ride_duration,payment_method,city,latitude,longitude,rating,music_pref,temperature_pref,quiet_ride,area
2025-04-22 10:02:36,2025-04-22 10:02:36,2025-04-22 10:03:36,available,d01112c7-fad2-4e8e-9054-7030cbf336a8,ed9212d5-4b23-4d5b-bade-8e0cdfa50ca2,standard,,paypal,Wangbury,-82.1657735,29.103506,,classical,warm,False,stad
2025-04-22 09:14:36,2025-04-22 09:14:36,2025-04-22 09:22:36,available,398b5bed-a6ab-4374-923e-dd24f95c25c3,cc0fb405-2c5c-48ac-b172-0f0837d031fa,standard,,unverified_wallet,Walkerville,-37.3881805,-115.541991,,none,cold,True,mouth
2025-04-22 07:51:36,2025-04-22 07:51:36,2025-04-22 07:56:36,accepted,6a933441-b8c6-412f-94bb-ae1c17f26878,c5bb7aa5-3622-469a-affd-17d13e04fd2c,premium,,paypal,North Angelamouth,-78.9614325,-166.964158,,none,warm,False,fort
2025-04-22 09:49:36,2025-04-22 09:49:36,2025-04-22 09:58:36,requested,6bbaab58-9f9a-427e-b133-1d5775faa87a,97f03889-5d8e-4af3-9746-b69fbc2fe436,luxury,,credit_card,Lauraborough,68.643187,119.857585,,classical,warm,False,haven
2025-04-22 09:39:36,2025-04-22 09:39:36,2025-04-22 09:44:36,completed,04ea1005-8872-41f0-bdb6-a74f613e4c3f,850da8cc-c4d3-4fa3-aca6-18f1e8520461,premium,36.0,unverified_wallet,Kathleenberg,33.656369,54.180379,3.31343688651879,pop,cold,False,side
2025-04-22 09:13:36,2025-04-22 09:13:36,2025-04-22 09:17:36,available,21e8d8ee-5293-44c6-89fd-d5781720e3d6,e42d0010-3646-4dc1-b7e6-7e682fbe1e4b,premium,,unverified_wallet,Jonesville,12.1726895,-108.346228,,jazz,moderate,True,burgh
2025-04-22 09:38:36,2025-04-22 09:38:36,2025-04-22 09:39:36,cancelled,7936f6bb-06cf-400d-88b8-17294da0fc10,bd8cd1b0-5d8d-42dd-8d96-7f47ac92b4f8,luxury,,paypal,Connorside,-49.7376995,-74.317044,,jazz,moderate,True,port
2025-04-22 08:32:36,2025-04-22 08:32:36,2025-04-22 08:36:36,accepted,c9091301-0f9d-4f2c-ac2d-6bb61939ab1a,16a4ae7a-f9f2-49f2-ae3c-a76554225497,luxury,,paypal,North Kristen,14.9417185,-177.819540,,classical,cold,True,stad
2025-04-22 09:26:36,2025-04-22 09:26:36,2025-04-22 09:27:36,cancelled,6cd1c9f0-f5e6-4140-adcf-2ff06f097493,779fd17e-46fb-4868-a201-2e9c984aa679,premium,,unverified_wallet,East Emily,-69.6464195,17.988669,,pop,moderate,True,fort
2025-04-22 08:09:36,2025-04-22 08:09:36,2025-04-22 08:14:36,accepted,9491ad03-d056-4b16-8546-2618a9437b66,84bd83bf-5323-415e-a847-0aea976f04bb,premium,,unverified_wallet,Burnsburgh,-34.6333125,-79.495456,,none,moderate,False,bury
2025-04-22 07:50:36,2025-04-22 07:50:36,2025-04-22 07:59:36,requested,db2ef80b-c51b-4a8a-b565-ec2c7dd80c80,e019a546-9d4e-4361-a040-b7ad67a73d35,standard,,unusual_card,Christopherville,-7.908977,-141.557160,,jazz,cold,False,land
2025-04-22 08:37:36,2025-04-22 08:37:36,2025-04-22 08:46:36,accepted,a8db1791-4f51-4f45-8856-8dfcdad1482b,37535388-4396-46a3-a8a5-ffa31e76b230,luxury,,credit_card,North Rebecca,-1.8987355,-149.547465,,pop,moderate,True,shire
2025-04-22 08:30:36,2025-04-22 08:30:36,2025-04-22 08:35:36,cancelled,0f89631e-548d-4b84-b890-0e174579447a,d725fb1a-4cf7-4177-8429-c9a0f19d8339,premium,,paypal,Berrystad,-7.097026,139.653152,,pop,moderate,False,ville
2025-04-22 07:45:36,2025-04-22 07:45:36,2025-04-22 07:48:36,requested,792edb15-059f-41ee-bb96-f6873164bbcb,a198a046-d279-4f23-bd22-b5eaeab1d4a3,premium,,paypal,Lake Jamesborough,28.2572685,-33.390209,,pop,warm,True,mouth
2025-04-22 09:09:36,2025-04-22 09:09:36,2025-04-22 09:15:36,available,ec97bb97-b370-45cb-a2c4-56f048266ed2,2411c7c2-d236-4c4d-b6db-7a75facec613,premium,,paypal,Piercehaven,49.068940,-166.515511,,jazz,cold,False,fort
2025-04-22 07:41:36,2025-04-22 07:41:36,2025-04-22 07:49:36,cancelled,523644ea-0f50-4ed6-83b6-a6a5f763ba5e,2e6dd32d-6bd9-44ec-8769-2ab886514f81,standard,,unusual_card,South Moniquetown,54.487410,117.701542,,pop,warm,False,ville
2025-04-22 08:22:36,2025-04-22 08:22:36,2025-04-22 08:25:36,accepted,1bc56d8a-2f86-4c94-a7e9-3ce984901032,3186d6d3-8606-42e5-8807-36e28f8421e6,luxury,,credit_card,Lake Nicholas,-89.670145,58.763385,,jazz,cold,True,land
2025-04-22 07:53:36,2025-04-22 07:53:36,2025-04-22 07:55:36,available,f1aa8881-8a12-4b0e-9352-4799dc65ca5c,6765b3cb-9831-46db-828e-2a4608452918,luxury,,unusual_card,Moonshire,-13.155206,141.192210,,pop,moderate,False,burgh
2025-04-22 09:12:36,2025-04-22 09:12:36,2025-04-22 09:18:36,completed,5ee364dd-00d1-4bfb-9bb9-0dfbcf8ee55f,bc784c19-4dd2-4d37-8c31-fb87e57bf534,luxury,14.0,credit_card,Lake Justinberg,80.290038,-30.484913,4.670033475650779,classical,cold,True,port
2025-04-22 09:16:36,2025-04-22 09:16:36,2025-04-22 09:25:36,available,bb7903b8-fb81-4868-b55d-c5e48585e8ad,41501f7a-c593-4023-a89a-db529706b3fe,premium,,credit_card,Lake Erica,49.846943,168.799805,,pop,cold,False,bury
2025-04-22 08:45:36,2025-04-22 08:45:36,2025-04-22 08:55:36,completed,be65914f-1d0e-4345-94d2-3dea14230da6,ded4aac2-9175-495c-87d5-dc0709ff4de8,luxury,26.0,paypal,South Kathleenberg,-24.073953,113.478158,4.219582860555279,jazz,moderate,False,town
2025-04-22 10:15:36,2025-04-22 10:15:36,2025-04-22 10:16:36,accepted,e48c265f-c5be-4258-95f6-323662f0ff77,8c2cdef2-6f34-4f0d-a16c-24d4593758ae,standard,,paypal,Cunninghamfurt,-47.019804,-114.417569,,pop,cold,True,side
2025-04-22 07:37:36,2025-04-22 07:37:36,2025-04-22 07:40:36,cancelled,9090b9d1-0de6-4c90-8e17-567e1d963ed4,524432ff-ec73-4a2d-b90b-7c320daec31b,standard,,paypal,Smithchester,-10.014098,-129.375925,,classical,cold,True,haven
2025-04-22 08:20:36,2025-04-22 08:20:36,2025-04-22 08:26:36,available,25cf578d-3962-45a3-9ba2-9f99a84a2a9d,37c435ab-9f79-4f7d-954a-0bb8963fb2fe,luxury,,unverified_wallet,Charlesmouth,50.228133,145.558251,,none,warm,False,stad
2025-04-22 08:55:36,2025-04-22 08:55:36,2025-04-22 09:05:36,requested,1a33adbf-a214-435e-8125-14a629f71f52,b196856b-d3e3-4744-93de-96137b6005ec,luxury,,credit_card,Markmouth,49.5948095,-67.991854,,jazz,moderate,True,side
2025-04-22 07:37:36,2025-04-22 07:37:36,2025-04-22 07:45:36,accepted,a38bda14-34e0-4153-bcd1-e7da5ba27f3c,f5c921ea-aa21-4b86-a181-603f8b3e8311,premium,,credit_card,Port Dustinbury,31.3611605,-15.904648,,none,warm,True,furt
2025-04-22 09:34:36,2025-04-22 09:34:36,2025-04-22 09:36:36,cancelled,d1dde9b8-aeeb-4acc-ac5d-4f45a677f9d0,143cd611-3b19-4017-837c-fb09e5b9f08e,standard,,unusual_card,Harrisland,77.055745,11.382873,,classical,cold,False,town
2025-04-22 09:22:36,2025-04-22 09:22:36,2025-04-22 09:25:36,requested,ac934af9-d475-41c9-bac3-158bc4fa995d,9ca976f8-e5e5-4dc6-a09b-a8ba8038d887,premium,,unusual_card,Jamesburgh,-20.0091855,-114.746836,,jazz,moderate,False,ville
2025-04-22 07:42:36,2025-04-22 07:42:36,2025-04-22 07:50:36,accepted,ccb428c8-448e-44bb-9bc4-0f21aea2a0fa,bba262dc-0811-46dc-aca0-a05de940fd2d,luxury,,credit_card,Port Jameshaven,-37.841790,-120.053471,,none,warm,True,chester
2025-04-22 08:56:36,2025-04-22 08:56:36,2025-04-22 09:05:36,available,baddc2d6-5574-4132-b056-2b949d61f923,df45b275-4a0b-4ea9-b996-4aa13406f5dd,standard,,paypal,New Mercedesbury,-1.9443955,89.209238,,jazz,warm,True,side
2025-04-22 08:03:36,2025-04-22 08:03:36,2025-04-22 08:08:36,accepted,818d5943-6908-4e90-b29e-24fa69561943,f7693384-3825-4eb1-8c81-471b5187cb4a,premium,,credit_card,North Matthewstad,56.6022755,-129.112089,,pop,moderate,False,borough
2025-04-22 08:28:36,2025-04-22 08:28:36,2025-04-22 08:35:36,cancelled,eaceb7a7-d457-4f1d-ba58-14e7dacc736a,0663b88a-d4d8-42d0-bd69-e4f0086a5109,standard,,unverified_wallet,North Jaime,28.4860235,-53.800417,,classical,warm,True,land
2025-04-22 08:36:36,2025-04-22 08:36:36,2025-04-22 08:42:36,requested,b2577125-bc15-4f86-8f37-7c3b7634817a,47c4cf6e-27d3-4d6d-8652-e341e8cde89a,premium,,unusual_card,South Jennifer,-57.705110,4.390422,,jazz,warm,True,shire
2025-04-22 07:34:36,2025-04-22 07:34:36,2025-04-22 07:38:36,completed,a5ec6e4b-a205-45b9-b211-fc9b9c072f40,9644e92c-b78e-463e-85d5-7042b085d07f,standard,32.0,unverified_wallet,Reyesview,52.6101745,142.192261,4.986520934697727,none,moderate,False,town
2025-04-22 09:11:36,2025-04-22 09:11:36,2025-04-22 09:18:36,available,cb2e1aed-a0a7-47ce-9593-e4393855dce8,14f4e4cd-85b3-4e87-a815-05bac40f3aea,premium,,credit_card,Lake Joshuachester,23.421436,40.354155,,none,warm,True,shire
2025-04-22 07:31:36,2025-04-22 07:31:36,2025-04-22 07:37:36,cancelled,a94995d4-6595-4b53-a915-6c796aca3009,2888bf1d-c59e-4548-ab0a-fdf31a0b4df6,premium,,credit_card,Jessicahaven,36.2565075,-96.719167,,none,warm,False,side
2025-04-22 09:08:36,2025-04-22 09:08:36,2025-04-22 09:16:36,available,302283ef-3c80-4524-a519-2c5f3aa92334,71f4856f-4569-4675-ba7b-fda8e962b8df,standard,,unverified_wallet,West Melissaland,-83.169420,-15.100292,,none,cold,False,chester
2025-04-22 09:45:36,2025-04-22 09:45:36,2025-04-22 09:52:36,cancelled,97e99d46-7509-4f83-95fb-02f55cef7393,d55ceea7-f638-4c73-ad09-874637aeb019,standard,,unverified_wallet,Danafort,-57.4804905,155.312631,,pop,moderate,False,furt
2025-04-22 07:45:36,2025-04-22 07:45:36,2025-04-22 07:51:36,requested,28d3693a-9d75-4f11-9edc-0c9912171df1,edd45f4e-6ca1-4090-9c4a-e1da9fe7e9c4,premium,,unusual_card,South Alexandra,39.8586065,-97.871493,,classical,warm,False,mouth
2025-04-22 08:06:36,2025-04-22 08:06:36,2025-04-22 08:09:36,completed,e0f6f31e-fe47-4872-8efb-b3781073a4a0,8898720c-c765-4f2e-8b85-05d07044b4b1,standard,9.0,unverified_wallet,Burnettbury,-51.057308,97.635623,3.010544932986049,pop,warm,False,furt
2025-04-22 10:00:36,2025-04-22 10:00:36,2025-04-22 10:08:36,requested,1b20347f-f076-4f47-b1c1-b252d45c6ce1,9e256e85-4bd7-424f-a880-45ccf6ac7167,standard,,unverified_wallet,Danielletown,78.7021535,143.704625,,classical,cold,False,land
2025-04-22 08:57:36,2025-04-22 08:57:36,2025-04-22 09:05:36,completed,763ec1bc-9e92-4821-b88a-8e11c8c15b03,1be59ea4-c730-4034-93d8-923a683d9937,standard,6.0,credit_card,Parkerport,-40.178951,-149.899323,3.9876540476580717,none,cold,True,fort
2025-04-22 09:13:36,2025-04-22 09:13:36,2025-04-22 09:21:36,accepted,96499f0e-c10b-43c1-b415-e55d4c2e0f92,3e12fb5e-bb91-4e4d-9577-cd0155428cf3,standard,,unverified_wallet,Samanthaland,17.019150,108.018775,,none,moderate,True,fort
2025-04-22 09:11:36,2025-04-22 09:11:36,2025-04-22 09:20:36,cancelled,f2c3ad38-6434-46f2-a03e-20465e95c5ac,2875d00f-9a5e-4302-b8e8-becbed5460f3,premium,,unusual_card,Calebchester,-80.641452,4.551310,,jazz,warm,False,mouth
2025-04-22 09:53:36,2025-04-22 09:53:36,2025-04-22 10:02:36,requested,a28f7c8b-f07c-41cf-b121-505e81de118b,fc190b69-8961-417b-9302-e751ee71b2ef,premium,,credit_card,Barberville,-1.136702,-55.490172,,classical,cold,True,port
2025-04-22 07:46:36,2025-04-22 07:46:36,2025-04-22 07:47:36,available,5d5df97f-2add-4571-a1a9-bdaaca4c5ec6,7983c954-55a3-49a8-87f7-feabff83c265,premium,,credit_card,Thompsonburgh,-60.626802,147.006455,,pop,warm,True,ville
2025-04-22 09:04:36,2025-04-22 09:04:36,2025-04-22 09:10:36,completed,4cfe7481-079d-4567-9c38-66a8387e2b70,0ae12c01-4155-432d-ab72-d4820f91a0bf,standard,8.0,credit_card,West Carlaborough,46.8800695,-34.090221,4.721250150733491,pop,warm,False,chester
2025-04-22 08:41:36,2025-04-22 08:41:36,2025-04-22 08:51:36,completed,1f4d49dc-3fcc-4f83-8fb2-d9d8dfe54766,7afdfeca-11b6-4339-abec-df0639473c97,premium,11.0,unusual_card,East Dustin,-23.156541,-45.225515,4.69650336697627,none,cold,False,ville
2025-04-22 08:10:36,2025-04-22 08:10:36,2025-04-22 08:15:36,accepted,3dab7084-1de4-45c7-aea0-4f0f176d1d8e,1822b6f9-a607-4f32-b5ed-99a944117d87,luxury,,unverified_wallet,Lake Elizabeth,6.5822865,-78.440189,,classical,cold,True,stad
2025-04-22 07:54:36,2025-04-22 07:54:36,2025-04-22 07:56:36,cancelled,45c8df2a-6b23-4340-b58a-8be46c93650d,c7d9f478-74ad-4ee2-9dca-4e039c8ef81d,luxury,,paypal,Lake Carolton,-63.440789,132.888934,,pop,warm,False,chester
2025-04-22 09:21:36,2025-04-22 09:21:36,2025-04-22 09:28:36,completed,f03bf21d-7597-498b-ad38-a24bb5f0e424,25fc3b65-0c10-40c0-80a0-4b7383a9e37b,premium,5.0,unverified_wallet,Charlesview,62.9912645,-139.488530,4.1461203678191065,jazz,warm,False,borough
2025-04-22 09:08:36,2025-04-22 09:08:36,2025-04-22 09:15:36,accepted,ea551758-710f-4285-a6ed-7df2d35c5046,d81bcedf-7f19-4d7b-a716-84864aacba6b,luxury,,unverified_wallet,Carlsonfort,71.508936,80.680517,,pop,moderate,True,mouth
2025-04-22 09:42:36,2025-04-22 09:42:36,2025-04-22 09:46:36,requested,462251f1-6a36-41e7-9aed-86a952e39449,e55f7a9d-9925-47be-a129-5a0c416c5808,standard,,unverified_wallet,Lake Abigail,58.317745,69.741695,,jazz,moderate,True,haven
2025-04-22 08:40:36,2025-04-22 08:40:36,2025-04-22 08:49:36,accepted,7290366f-5e19-4b2b-81f1-61506930a32c,111fdb9f-1dd4-406c-a810-aa76da08cefd,premium,,credit_card,Sarahmouth,-13.746843,-21.945482,,none,warm,True,land
2025-04-22 07:20:36,2025-04-22 07:20:36,2025-04-22 07:26:36,available,345e46e7-35ff-4504-80e3-b73ca55b7eb1,3afd52c0-2c95-4ebb-a576-d4aac057ca85,premium,,paypal,New Donnamouth,25.1733905,167.817990,,jazz,cold,False,fort
2025-04-22 08:03:36,2025-04-22 08:03:36,2025-04-22 08:08:36,available,940cc324-1ea5-4188-a8fd-2e8e98f26897,d630135d-98db-4923-9035-d0da626ec380,standard,,unverified_wallet,Stevensbury,-51.321810,-77.825307,,none,warm,False,burgh
2025-04-22 09:58:36,2025-04-22 09:58:36,2025-04-22 10:01:36,available,5c0466e0-7910-4f3a-9f14-ac3ae45384d6,554c03b9-e910-4d21-b153-c2ee75aab9d0,premium,,unusual_card,West Thomasburgh,64.2957885,114.240622,,jazz,warm,True,borough
2025-04-22 07:18:36,2025-04-22 07:18:36,2025-04-22 07:25:36,cancelled,bf6f169b-ae53-4d84-87f7-48f7ce4565ac,949f9516-3c6d-4041-b8f9-bf9eced237a5,standard,,unverified_wallet,South Baileyfort,69.2468135,10.024083,,pop,warm,True,mouth
2025-04-22 08:01:36,2025-04-22 08:01:36,2025-04-22 08:07:36,cancelled,4ac22f61-92eb-411b-bc0b-dedd4579cbd1,c51603f1-072b-4652-ac02-4e32bc95ad3f,luxury,,unusual_card,Anthonychester,27.3657295,-153.965519,,classical,warm,False,haven
2025-04-22 10:11:36,2025-04-22 10:11:36,2025-04-22 10:17:36,requested,1c9ed193-091f-46e1-a44c-490d62bad2a4,a25ea181-8f85-4dc4-b22a-4d72fe90b5a3,luxury,,credit_card,East Tiffany,41.3388435,161.070018,,classical,moderate,False,haven
2025-04-22 09:24:36,2025-04-22 09:24:36,2025-04-22 09:33:36,accepted,6fd44aba-dbce-49db-8161-23a6a4f12e5e,3b2fdc6c-7cfd-4255-8fb6-9f2054b74101,luxury,,paypal,Smithfort,10.870675,-118.455388,,classical,moderate,False,ton
2025-04-22 07:55:36,2025-04-22 07:55:36,2025-04-22 08:02:36,accepted,de091f62-092e-4328-bdbb-9e714e7aad81,fb99161b-5d5c-42d8-9d6b-5eb763c9a834,standard,,credit_card,Sabrinabury,-70.2934065,14.184823,,classical,cold,True,stad
2025-04-22 10:16:36,2025-04-22 10:16:36,2025-04-22 10:17:36,cancelled,0619bf24-3b2d-4e94-8ce9-811fcb007051,0aa40b86-cf42-4a66-b132-542ab2443dd9,premium,,credit_card,East Margaretberg,-61.5081445,-16.640302,,none,cold,False,borough
2025-04-22 07:42:36,2025-04-22 07:42:36,2025-04-22 07:47:36,cancelled,66dba337-ca5f-4b1e-aee5-5a9a86dbc9b9,98def7fc-0322-47d4-9584-ecd03f37bffb,premium,,paypal,Angelafort,45.900170,11.206290,,jazz,cold,True,side
2025-04-22 08:43:36,2025-04-22 08:43:36,2025-04-22 08:53:36,cancelled,ede63d35-c966-4429-bd6b-7ff60f97e695,8b3e2f00-9be2-44b1-bf34-18454a66d6c0,standard,,paypal,Johnsonview,-63.2127525,144.061083,,none,warm,True,furt
2025-04-22 07:58:36,2025-04-22 07:58:36,2025-04-22 07:59:36,accepted,8bc9d6db-8548-4fc1-9a87-cd99857a37de,2da84bf5-4c47-41d3-8814-f4db59900f54,premium,,credit_card,Costahaven,-20.988190,138.839756,,jazz,cold,False,fort
2025-04-22 07:21:36,2025-04-22 07:21:36,2025-04-22 07:25:36,accepted,c13e6a6f-06c6-4937-9e4f-d1660ddaf78f,d25e1b96-ea55-48b9-a0b4-7212c1684f2e,standard,,unverified_wallet,Floresmouth,57.659226,-45.357249,,jazz,moderate,True,stad
2025-04-22 09:31:36,2025-04-22 09:31:36,2025-04-22 09:39:36,cancelled,b0921575-1969-4742-81b3-00ef2959d037,64d5af94-2d64-4ca1-ba46-f6c3c61758b3,luxury,,paypal,Sarahside,12.5212625,-2.466325,,classical,cold,True,furt
2025-04-22 09:34:36,2025-04-22 09:34:36,2025-04-22 09:42:36,accepted,e8dbb18f-8b49-461e-9f9c-f8c2a4a6a8c9,443c0fb3-930f-4f89-aaf3-862431f5ec66,premium,,unusual_card,Lemouth,-55.391886,-11.154298,,classical,moderate,True,mouth
2025-04-22 07:33:36,2025-04-22 07:33:36,2025-04-22 07:43:36,cancelled,c7608b72-092e-45b7-abb7-86188aa8fbdf,12cbf721-bd5a-43dc-9e38-67681b2dc9ce,premium,,unverified_wallet,East Chase,60.0750965,74.736038,,pop,cold,True,haven
2025-04-22 08:46:36,2025-04-22 08:46:36,2025-04-22 08:47:36,available,2231c7df-4a36-4602-8056-bb2a6e5a5a8f,40a2d942-b1d8-4542-b2fe-9ae4cde7401a,luxury,,unverified_wallet,Caitlinbury,-37.8011785,28.235281,,none,cold,False,ton
2025-04-22 07:30:36,2025-04-22 07:30:36,2025-04-22 07:37:36,accepted,bee839bd-8152-408c-b858-767c9299a556,4dc677dd-3425-455a-ab29-f4f6691e608f,standard,,paypal,New Lauraland,-73.145785,-39.352343,,classical,warm,True,fort
2025-04-22 09:02:36,2025-04-22 09:02:36,2025-04-22 09:05:36,available,1c9cdec3-48d4-4609-a337-fbfac0e9c088,54a0065e-9fb6-488c-8b29-424e5f7773ab,luxury,,unusual_card,Williamschester,-73.973780,-138.822974,,classical,warm,True,chester
2025-04-22 09:29:36,2025-04-22 09:29:36,2025-04-22 09:30:36,requested,ec952b07-108f-4f9a-a12c-471e83d78d7d,86eca926-5cdf-4fc3-a2bd-10645cf59b66,premium,,credit_card,New Peter,47.3889555,19.366832,,jazz,warm,True,land
2025-04-22 08:02:36,2025-04-22 08:02:36,2025-04-22 08:10:36,completed,dd691a47-a23c-455a-b587-ad958f9cbee1,a8e519c3-4136-4e7c-8ae2-0bded190962f,premium,27.0,unusual_card,Rebeccafurt,-71.166143,76.724489,4.757819047234377,pop,moderate,True,mouth
2025-04-22 07:27:36,2025-04-22 07:27:36,2025-04-22 07:33:36,completed,daad6d1c-64c0-4b91-b77a-0526907e7822,c91005cd-0d1e-4cee-8f8b-b9934085360e,luxury,19.0,credit_card,East Kevin,-40.8597315,82.611093,4.283085450741506,pop,cold,True,port
2025-04-22 08:10:36,2025-04-22 08:10:36,2025-04-22 08:20:36,available,12e6e9d9-ae81-462a-b571-49dfc04afa0b,92f663aa-e9f2-4355-9880-39737420b1c6,standard,,unusual_card,Nortonberg,71.0167055,-101.262789,,classical,cold,True,ton
2025-04-22 09:16:36,2025-04-22 09:16:36,2025-04-22 09:21:36,completed,05cd712c-10b3-4d87-9c17-194149f465a3,d3cd9867-7623-4dfc-be80-45a4382c9a55,standard,18.0,credit_card,Lake Ashleyport,41.7709245,16.840730,4.17801927298802,classical,warm,False,side
2025-04-22 10:15:36,2025-04-22 10:15:36,2025-04-22 10:24:36,available,fb653204-e248-4286-8e10-a1c309047cb9,9de2e067-dce4-408b-b45e-1ea5b6af6932,standard,,unusual_card,Wilsonfurt,-40.433115,1.678831,,pop,warm,False,mouth
2025-04-22 09:16:36,2025-04-22 09:16:36,2025-04-22 09:22:36,completed,883f0440-a898-4f8c-b121-d0f56db08fe8,6b648bb8-13f0-4d2d-90cf-20d3d40dbe1e,standard,55.0,paypal,West Heather,-23.9774525,-131.413530,4.879890238178843,none,cold,True,view
2025-04-22 07:27:36,2025-04-22 07:27:36,2025-04-22 07:34:36,completed,202ffa4c-4ac1-4f39-a3eb-635145671555,3d5e5aab-be36-4e60-a237-c025099cc380,luxury,20.0,paypal,South Maryside,49.808583,145.795949,4.212724605918541,none,cold,True,bury
2025-04-22 09:36:36,2025-04-22 09:36:36,2025-04-22 09:45:36,completed,43196bb3-f41b-4e20-b024-b28ed159404d,a0169592-ce98-4e53-aaf5-1f5929cd8226,standard,38.0,paypal,North Alejandraland,88.8688445,10.297013,4.9776108088556805,jazz,warm,True,fort
2025-04-22 07:42:36,2025-04-22 07:42:36,2025-04-22 07:45:36,accepted,5cc43fff-e22c-4c0e-b7d9-7cfb233d0880,73ee82c0-1c4c-4bd2-b16a-4dfe81d31b5d,premium,,credit_card,West Rickyhaven,-63.7158275,-86.962321,,jazz,moderate,False,ton
2025-04-22 09:05:36,2025-04-22 09:05:36,2025-04-22 09:07:36,completed,d3dd1ab7-99e6-4960-85b7-c920bd89b276,8d7984b7-08ff-44c4-bd1e-e7b45f86ca36,premium,21.0,paypal,West Amy,-57.5194995,-125.097551,3.790236131446049,pop,moderate,False,berg
2025-04-22 07:45:36,2025-04-22 07:45:36,2025-04-22 07:52:36,cancelled,f94eeb8d-7f3c-453e-8a57-fc6ba954fd53,fec4c551-7e25-44a4-9018-3707b338077f,standard,,unverified_wallet,Lake Nicholasmouth,-21.143668,109.806516,,pop,cold,False,shire
2025-04-22 08:26:36,2025-04-22 08:26:36,2025-04-22 08:31:36,requested,380fecb3-9e57-4e08-ad44-19a5c4548d38,fd0bd303-43df-45ee-bb53-64357edcaff3,premium,,unverified_wallet,Obrientown,-76.924051,51.697637,,jazz,cold,True,view
2025-04-22 07:37:36,2025-04-22 07:37:36,2025-04-22 07:46:36,completed,75408584-2b19-4ef6-a308-d2eb6574fc73,5a0b4610-3579-49aa-90f7-d220bb22f002,premium,35.0,unverified_wallet,East Gregoryland,-81.8365325,-84.096818,4.456688134655981,none,moderate,False,land
2025-04-22 08:40:36,2025-04-22 08:40:36,2025-04-22 08:49:36,available,8553d460-b4f5-4732-9c36-42ededbbceae,50247fbf-dec3-4269-8c5a-7601bab9d1bd,standard,,unverified_wallet,South John,14.6761425,-168.212097,,none,moderate,True,ton
2025-04-22 10:01:36,2025-04-22 10:01:36,2025-04-22 10:11:36,completed,ee3e393e-190f-41ff-bedf-ff939cd4929c,c5318fbe-78f5-48ac-95e6-044d0bac1b16,premium,21.0,unverified_wallet,Spencerstad,78.996882,-20.380097,4.4615572216251405,classical,cold,False,fort
2025-04-22 09:10:36,2025-04-22 09:10:36,2025-04-22 09:13:36,requested,1ec262a3-cc94-4c4d-ab9e-512d19ad8755,aa66e927-1ff3-47a4-81ab-58564557743f,luxury,,credit_card,Jasonmouth,-79.4104155,-147.090992,,none,cold,False,side
2025-04-22 07:34:36,2025-04-22 07:34:36,2025-04-22 07:41:36,cancelled,0a4d9bfd-2be4-450f-8a0b-0921a9ce2f85,1154c34e-e23a-43f0-af94-794b67f0ed0c,luxury,,unverified_wallet,Staceyburgh,-43.6580295,-64.332235,,classical,cold,True,mouth
2025-04-22 08:50:36,2025-04-22 08:50:36,2025-04-22 08:54:36,cancelled,afa5a3a1-8b46-4c51-a8f4-5ca54396565c,d2c24bf8-8724-4856-a3d0-889fdbe26a5a,standard,,credit_card,East Candace,61.1473455,27.370089,,none,moderate,True,mouth
2025-04-22 07:45:36,2025-04-22 07:45:36,2025-04-22 07:50:36,available,e066dd29-3c94-4db4-af65-1aed8e4fe3fd,390e44cd-a787-4b51-9b48-2ded59ba52e5,premium,,unverified_wallet,West Jeffreymouth,83.624729,-54.444198,,none,moderate,True,port
2025-04-22 08:10:36,2025-04-22 08:10:36,2025-04-22 08:16:36,cancelled,aa69c376-c4fd-4379-95a0-fbfb2ea8e1aa,7649c03f-df17-4d2a-a932-979e6c17bef9,premium,,paypal,Rogersborough,-5.8865445,47.213201,,jazz,cold,False,burgh
2025-04-22 09:40:36,2025-04-22 09:40:36,2025-04-22 09:43:36,available,ba6f7fec-ead1-44c3-81cd-e55164d83920,2f95d5fc-0c07-40db-9010-8f8343f03e3c,standard,,unusual_card,South Lucas,0.7386245,25.189273,,pop,cold,False,town
2025-04-22 08:40:36,2025-04-22 08:40:36,2025-04-22 08:42:36,cancelled,75c16226-2e42-42c8-8a56-d0cbc9b046d5,d6ab2866-a900-4ee2-867e-65493f50530c,premium,,paypal,Browntown,-71.5593255,13.806581,,none,warm,True,view
2025-04-22 07:36:36,2025-04-22 07:36:36,2025-04-22 07:38:36,completed,9a184689-89a5-494f-b245-53cab44e8760,301644bc-176e-4400-a68c-44ad5c17f214,luxury,26.0,unusual_card,South Evan,85.137206,109.143448,4.741067114275547,pop,cold,False,view
2025-04-22 08:32:36,2025-04-22 08:32:36,2025-04-22 08:37:36,cancelled,8269116c-929a-430b-a2c5-eedb123bbb3a,41028598-32ab-4f2b-af91-21b8639bee63,premium,,credit_card,North Lindsay,-65.6739885,-140.967215,,pop,warm,True,view
2025-04-22 07:20:36,2025-04-22 07:20:36,2025-04-22 07:25:36,available,d4ea2c9f-8ce7-4786-8cf3-11773e7974a6,8d5a7f76-e51b-46b9-ab2f-9f60c0c9dbf7,premium,,paypal,New Meganland,80.6501315,-154.757906,,jazz,warm,True,ville
2025-04-22 09:32:36,2025-04-22 09:32:36,2025-04-22 09:35:36,available,8a27d2d9-4f86-4dc1-ade8-5d0458fd9a98,d78e5a7a-0b76-4c9a-9913-1f3e95c64705,standard,,unusual_card,Holmesshire,-63.247125,-158.789501,,classical,moderate,False,ton
2025-04-22 08:01:36,2025-04-22 08:01:36,2025-04-22 08:11:36,available,072cdda4-cd34-432d-a488-c6c87ec8d421,02f9404f-b995-4f19-8f2f-114360568e3e,standard,,unverified_wallet,Jenkinsville,-35.746035,85.416305,,classical,moderate,True,side
2025-04-22 09:03:36,2025-04-22 09:03:36,2025-04-22 09:04:36,completed,813ed315-d2ba-4f16-899e-8acd061dc3d8,fab1eaf8-6c1a-4a1a-b8f0-294fcd183a82,luxury,11.0,unverified_wallet,South Taraberg,-35.471353,110.791728,4.995433695516104,classical,moderate,True,haven
2025-04-22 10:17:36,2025-04-22 10:17:36,2025-04-22 10:18:36,cancelled,a69fe0cf-da49-4c16-8dae-01a770e0b508,4e337424-a2e1-4789-a7fb-21fe08cf4b07,premium,,unusual_card,Hunterton,44.571554,44.204111,,classical,cold,False,borough
2025-04-22 09:39:36,2025-04-22 09:39:36,2025-04-22 09:45:36,accepted,c2072da2-5f81-4dbe-918d-d9302fd53ea4,3b780fca-e531-4fcc-b38f-c9dc8b6144e7,luxury,,paypal,Lake Williamchester,-12.2390885,-172.963174,,jazz,cold,True,shire
2025-04-22 08:00:36,2025-04-22 08:00:36,2025-04-22 08:09:36,cancelled,3dda149d-cb05-4a51-a302-08a917ce8991,c5c9e2bc-0eb3-4324-b0ea-cdd49dc6d3c5,standard,,paypal,Patrickburgh,-51.6564065,114.343267,,jazz,moderate,False,bury
2025-04-22 08:30:36,2025-04-22 08:30:36,2025-04-22 08:36:36,cancelled,25469e70-e296-4c61-9900-9c1d403db6eb,87d80a62-d316-4d14-900b-4e5788f7de67,standard,,unverified_wallet,Alfredshire,-78.932085,170.371930,,pop,cold,True,town
2025-04-22 09:21:36,2025-04-22 09:21:36,2025-04-22 09:28:36,available,aee4d5aa-7f3d-47fe-a4ce-b2cc553e92ba,7684b39a-2747-4300-9e8a-d230cd549b9b,premium,,paypal,South Michelleberg,38.120040,-104.360385,,classical,moderate,False,ville
2025-04-22 09:00:36,2025-04-22 09:00:36,2025-04-22 09:10:36,available,1af72776-5813-4fa7-a5cc-0c1d3c06ee72,8d5b2754-7858-465f-8179-57bba8f6ddf3,premium,,unusual_card,Marshberg,48.2432425,-130.694426,,pop,moderate,False,haven
2025-04-22 07:20:36,2025-04-22 07:20:36,2025-04-22 07:28:36,available,d2a6a033-a625-49c2-9c99-2a9367c80ac1,6841bafd-7bfd-419c-a560-f88bfbb19856,luxury,,unverified_wallet,Frankhaven,-77.2239245,-92.639835,,pop,warm,False,ton
2025-04-22 08:26:36,2025-04-22 08:26:36,2025-04-22 08:30:36,cancelled,c5085145-2fb4-487e-9067-a6058e8f6296,1e6c423c-65ca-439a-acf2-537c70c99ff6,luxury,,credit_card,South Ashley,-78.898643,-62.201729,,pop,moderate,False,berg
2025-04-22 10:15:36,2025-04-22 10:15:36,2025-04-22 10:17:36,cancelled,999f01aa-db15-44e5-9638-fb239bafeb2d,fd25107f-4ea2-4783-a8bc-524cb9f73069,luxury,,unverified_wallet,Collinsbury,-66.495543,57.616963,,jazz,moderate,True,furt
2025-04-22 08:14:36,2025-04-22 08:14:36,2025-04-22 08:23:36,available,d958d009-622f-44bb-82bb-9a945b2b0588,a409183d-706b-4f49-9123-91efddb35544,premium,,paypal,New Dustinshire,52.693866,-109.670521,,pop,moderate,False,mouth
2025-04-22 09:13:36,2025-04-22 09:13:36,2025-04-22 09:22:36,accepted,34d7065b-973f-40f9-92d2-8f173085d3c3,6f1aa790-2bd1-4e3e-b9c1-e9275d47a102,premium,,unverified_wallet,North Laura,28.5187955,-93.819639,,pop,warm,True,furt
2025-04-22 09:15:36,2025-04-22 09:15:36,2025-04-22 09:20:36,cancelled,1830743e-970c-4987-b49d-e9c66d9fa08c,9fdeec5b-e5e6-4756-8a64-e78e7d5e78cc,luxury,,unusual_card,Tyroneborough,-43.107412,-87.929932,,pop,cold,False,haven
2025-04-22 09:05:36,2025-04-22 09:05:36,2025-04-22 09:15:36,available,f00d1b21-3d3d-4485-ab2f-fd32f8115a1a,e3e43a6f-515c-41c6-bab1-40545eb8b0fc,premium,,unusual_card,Lake Nicoleshire,-68.6345755,68.440677,,none,cold,True,ton
2025-04-22 07:24:36,2025-04-22 07:24:36,2025-04-22 07:33:36,completed,89629bb9-4191-44cf-8bb1-78a367e4e692,d74f2fc5-f5d4-4a33-92df-8526bd98d41b,premium,38.0,credit_card,Brookeview,-78.907770,137.308699,4.373472472330142,none,moderate,False,shire
2025-04-22 08:12:36,2025-04-22 08:12:36,2025-04-22 08:22:36,cancelled,e6224a1c-a810-476a-be7d-5a69207676b7,b10dacb1-6fd5-4acf-8e7d-86e78d611cd4,standard,,credit_card,North Jasonville,71.6082025,31.721810,,jazz,warm,True,fort
2025-04-22 07:17:36,2025-04-22 07:17:36,2025-04-22 07:18:36,cancelled,ac7a33fd-c2e1-4950-9012-9287347455ce,41f5c742-29d8-48a6-94ed-daa26086c8f3,premium,,credit_card,East Beverly,52.5442555,16.117624,,jazz,warm,False,stad
2025-04-22 09:49:36,2025-04-22 09:49:36,2025-04-22 09:56:36,completed,22660550-f6e5-4537-9c12-5a677bc0b505,987b984e-21ab-432c-b4d2-d01ed04f1451,premium,55.0,credit_card,Scottport,41.6318905,33.826156,3.5431684785941515,classical,warm,False,shire
2025-04-22 08:28:36,2025-04-22 08:28:36,2025-04-22 08:36:36,available,6772e1d9-67eb-4b6c-8c0f-68627867692d,d8bcbd59-732e-4e89-85b9-476a0bd24361,luxury,,credit_card,Danielhaven,-68.705556,96.330933,,classical,cold,False,berg
2025-04-22 08:05:36,2025-04-22 08:05:36,2025-04-22 08:07:36,available,acc542d1-be22-4441-b046-28ddd974e259,eaeb99aa-edd1-4f99-ae95-194d06edd161,premium,,paypal,Port Mary,37.0153965,167.498638,,pop,moderate,True,haven
2025-04-22 08:33:36,2025-04-22 08:33:36,2025-04-22 08:41:36,completed,c3a6ad9d-94ca-4ba6-abaa-9cb46c0b53ab,9d19c341-1fed-4e7c-9400-4cc709e90f42,luxury,55.0,paypal,West Andrew,-33.603536,-63.893393,3.0078099259431728,jazz,cold,True,stad
2025-04-22 09:31:36,2025-04-22 09:31:36,2025-04-22 09:35:36,completed,54b03689-226f-4a91-b0b8-2b5091b92341,4ac08b14-477d-47f6-9b75-a8535e7812a9,premium,7.0,paypal,South Donald,-11.941217,-122.503843,3.777938491917199,pop,warm,False,port
2025-04-22 08:56:36,2025-04-22 08:56:36,2025-04-22 09:00:36,accepted,4625a7f4-c6a5-4c90-aa7b-c09dfffb5df2,4c52df38-d8de-435f-b24c-840d52c9a14b,standard,,credit_card,Lake Phillipville,-42.276170,69.881544,,none,warm,False,view
2025-04-22 07:29:36,2025-04-22 07:29:36,2025-04-22 07:36:36,accepted,c967d84d-2b00-40eb-ac83-fe2b18428019,3e184d8d-e958-4519-88f4-a31b8c78357a,standard,,credit_card,West Kim,-34.4105315,34.616530,,none,cold,False,view
2025-04-22 08:27:36,2025-04-22 08:27:36,2025-04-22 08:35:36,requested,23979410-435c-4622-a5c4-25241ff97609,600727fa-f8ec-42fa-b55c-80ef9d551929,luxury,,unverified_wallet,North Daniel,-55.1656275,-83.191932,,pop,warm,True,mouth
2025-04-22 08:28:36,2025-04-22 08:28:36,2025-04-22 08:35:36,cancelled,dfb9719b-6618-49e9-a8de-7fd7c09cd39e,98047120-bde9-40d2-b420-946a4df3b2fb,premium,,paypal,North Patriciaport,10.388747,-70.495117,,none,warm,True,ton
2025-04-22 08:05:36,2025-04-22 08:05:36,2025-04-22 08:13:36,cancelled,b1c133cf-1c16-4d91-86eb-afe345ab50e7,0f3f6c7c-c2f9-4565-9198-98218a4fdbdd,luxury,,credit_card,New Emily,-88.946125,179.733726,,jazz,cold,False,borough
2025-04-22 07:46:36,2025-04-22 07:46:36,2025-04-22 07:48:36,accepted,d13f8030-0732-4b7d-be81-d4accbbd7170,92e2523b-9d9d-4cd3-86ed-76e7fb925797,standard,,unusual_card,East Jessicahaven,-66.2859585,-172.473334,,classical,warm,False,port
2025-04-22 09:51:36,2025-04-22 09:51:36,2025-04-22 09:58:36,completed,a1cf44a6-1a9a-43b5-8154-ee6cf951af2d,f846d4de-6ab3-4899-905f-e67d4eb24f66,luxury,40.0,paypal,Lindamouth,-38.2230205,-5.702256,3.327691322732173,none,cold,True,berg
2025-04-22 08:37:36,2025-04-22 08:37:36,2025-04-22 08:41:36,cancelled,85253edb-5218-480c-8245-db7db9b1a323,e0dae830-e68e-43b4-b207-b511ed07928f,luxury,,unverified_wallet,North Davidmouth,13.267715,10.749901,,classical,warm,True,town
2025-04-22 09:47:36,2025-04-22 09:47:36,2025-04-22 09:49:36,completed,6ae89504-0f0c-4931-a875-14c95ac3a94c,658cc029-07b8-4d4a-b411-7644694c5735,premium,45.0,paypal,Mitchellmouth,-77.466370,-157.922570,3.8166429959442514,pop,cold,False,view
2025-04-22 07:32:36,2025-04-22 07:32:36,2025-04-22 07:38:36,completed,e98c83f4-8602-4f37-b196-0e9e84270d6d,e97af201-efe7-42aa-8b4a-23fdbc1006b0,luxury,53.0,paypal,Porterside,-67.9903925,103.875847,3.919049736202481,pop,cold,False,burgh
2025-04-22 08:09:36,2025-04-22 08:09:36,2025-04-22 08:15:36,accepted,32921d7b-5f2a-4b04-afa0-7ff8c82401eb,a6b8810f-0c6b-4791-8e6f-1ea0c3773183,luxury,,credit_card,Lake Michael,-89.7027425,161.414186,,jazz,warm,True,land
2025-04-22 09:52:36,2025-04-22 09:52:36,2025-04-22 09:55:36,cancelled,b72e1dfd-42bd-487b-ac52-4cec590bd14c,6cd36799-c0e3-4223-bbc6-81cd9da19458,standard,,unverified_wallet,Beardhaven,76.549487,124.242777,,classical,warm,True,bury
2025-04-22 09:07:36,2025-04-22 09:07:36,2025-04-22 09:13:36,completed,de334ce3-2cb2-481c-a907-1ece36dc7c55,5a3c9a22-7875-4949-8dda-c5f7be7460da,luxury,10.0,unverified_wallet,Nathanchester,-26.000341,167.869227,4.374313338498369,jazz,warm,False,town
2025-04-22 08:19:36,2025-04-22 08:19:36,2025-04-22 08:29:36,requested,9cd631d6-ab87-4b00-8b75-a436159bc166,8968ce47-d0bd-4c12-a47e-42cbd99b563e,luxury,,credit_card,Kristashire,-30.303171,-69.441959,,pop,moderate,True,land
2025-04-22 10:10:36,2025-04-22 10:10:36,2025-04-22 10:16:36,completed,91bfe3b0-036c-475d-831e-30327868120c,f6f1f613-b353-4f14-9858-f20bf37fb015,standard,29.0,unverified_wallet,New Julie,27.725698,-176.542898,3.012840103483398,classical,warm,True,haven
2025-04-22 08:52:36,2025-04-22 08:52:36,2025-04-22 09:00:36,cancelled,b2bdd58f-0705-4b74-9292-bd41a28f5e5f,17e4dda7-aeaf-43aa-a746-630a00569575,premium,,unverified_wallet,Lake Dawn,43.4934965,-157.090400,,jazz,warm,True,bury
2025-04-22 09:42:36,2025-04-22 09:42:36,2025-04-22 09:43:36,cancelled,596d7c41-3f49-466d-bd8d-1ad3cc8bf9db,31437251-760b-4c30-9e00-7dfaf598344f,premium,,unusual_card,Lake Justinburgh,-24.955642,152.652815,,none,cold,False,mouth
2025-04-22 09:58:36,2025-04-22 09:58:36,2025-04-22 10:00:36,requested,cede239c-4507-4b40-924a-07130230d8cd,9ec9f409-1ef8-46c6-bb2f-cf1895e9474a,premium,,credit_card,Hansenchester,38.1758975,7.774695,,pop,cold,False,mouth
2025-04-22 10:16:36,2025-04-22 10:16:36,2025-04-22 10:18:36,completed,5d8ab9f5-3891-45b1-98a5-9183cc83cb55,2305f68b-7354-4487-b8c1-939a3fdc49b6,premium,40.0,unusual_card,Port Julie,-3.842779,-46.451717,4.1089247385688505,none,moderate,False,port
2025-04-22 09:02:36,2025-04-22 09:02:36,2025-04-22 09:10:36,available,6072216e-af55-4691-b3ab-3e71dc1122c9,cba743bc-0cfe-49c9-a01a-003d1965086e,standard,,unusual_card,Petersview,60.494811,-23.067137,,jazz,cold,True,burgh
2025-04-22 09:59:36,2025-04-22 09:59:36,2025-04-22 10:07:36,completed,cbc4045f-8a77-4b7b-91f6-880b7770393d,194fbfa3-a4f7-4c25-b0fe-200b6390c55f,standard,31.0,unusual_card,East Timothy,57.759122,152.822697,3.048119203263596,classical,warm,True,ton
2025-04-22 07:50:36,2025-04-22 07:50:36,2025-04-22 07:53:36,accepted,77407042-d69a-41da-998e-da6126cb12e0,9e85f33f-ff38-44db-855a-37fc0c7503f5,premium,,unusual_card,New Jeffrey,-1.686753,109.228337,,none,warm,True,berg
2025-04-22 07:23:36,2025-04-22 07:23:36,2025-04-22 07:30:36,requested,57376247-d7c3-4086-93de-ffb6e964a159,d7336173-3e0e-42c7-8644-5b9bc772e043,premium,,unusual_card,Christopherbury,68.4703375,65.851538,,none,moderate,True,fort
2025-04-22 08:22:36,2025-04-22 08:22:36,2025-04-22 08:23:36,available,b8a8f011-e75b-425b-8c8a-78d2027e712d,91782768-d7bf-40ae-8377-691e5c7373b9,premium,,credit_card,Hintonfort,9.1324425,-11.419338,,classical,cold,False,fort
2025-04-22 08:16:36,2025-04-22 08:16:36,2025-04-22 08:22:36,completed,8a022822-8dad-4582-a7d5-815d30a69da9,2cbc345d-2451-4551-8955-7549943282a3,premium,31.0,paypal,Lutzfort,14.3105555,1.979168,3.3893667180868077,jazz,cold,False,burgh
2025-04-22 08:42:36,2025-04-22 08:42:36,2025-04-22 08:48:36,accepted,b2a3e0d5-33b9-405f-b15b-6c7aee86a7d7,257e8d29-d214-4183-a37a-4c09086c3594,premium,,unverified_wallet,Carterfort,84.285434,131.173652,,classical,cold,True,fort
2025-04-22 08:12:36,2025-04-22 08:12:36,2025-04-22 08:14:36,available,e4b31c6c-888a-4163-910c-d706627c02fd,609039fc-e481-4d70-a4fe-027347c6601a,premium,,unverified_wallet,Garciachester,-18.4946025,-66.728740,,jazz,cold,False,berg
2025-04-22 09:32:36,2025-04-22 09:32:36,2025-04-22 09:35:36,completed,56585864-10a7-4f69-8cf5-07b993da66da,f4ec8a17-5f3b-4743-8213-fcf93eb25720,luxury,54.0,unverified_wallet,Annahaven,-42.7853615,24.053145,3.722763863714287,none,moderate,False,mouth
2025-04-22 09:16:36,2025-04-22 09:16:36,2025-04-22 09:21:36,requested,b3e9479c-417c-46b9-9ac4-f3fae329aadd,49f40c65-e690-4d4d-8243-a3edb2aa78e9,standard,,unusual_card,Brooksport,-21.067971,154.919765,,pop,warm,True,berg
2025-04-22 09:59:36,2025-04-22 09:59:36,2025-04-22 10:08:36,cancelled,b6e64a6f-9b4c-4ad0-8e82-c97cd87b5449,c764224b-a1b7-4033-89da-2c9dd039a366,standard,,paypal,Butlerfurt,49.480155,178.224346,,classical,moderate,False,bury
2025-04-22 08:52:36,2025-04-22 08:52:36,2025-04-22 08:54:36,available,91c3e24d-0565-4e50-bd1f-6d7a58c1c651,da949660-7609-43b4-a037-1a6c2029ab83,premium,,credit_card,Floresview,-82.358161,-143.151662,,classical,warm,True,side
2025-04-22 09:52:36,2025-04-22 09:52:36,2025-04-22 09:57:36,completed,a64d39f4-12ae-42dd-bcf7-cce0f2e8086a,013dce0b-d197-4149-a640-1f899d51363a,premium,47.0,unusual_card,Lake Tracy,-24.7845815,-164.405884,3.02552951062703,jazz,moderate,True,furt
2025-04-22 09:01:36,2025-04-22 09:01:36,2025-04-22 09:02:36,accepted,0743bfdb-8f1a-405f-b664-a7feacb19327,3cce936a-ec3a-4a68-a5a9-129d066a02f8,luxury,,unverified_wallet,New Susan,1.7997805,-133.238545,,jazz,moderate,True,ville
2025-04-22 07:25:36,2025-04-22 07:25:36,2025-04-22 07:32:36,accepted,dd6ff5d6-e49d-4427-bf41-4b0f96840202,0be770f2-f482-4f85-960f-5f819de135ca,standard,,unverified_wallet,Port Jimstad,6.032313,40.832499,,pop,warm,False,ville
2025-04-22 08:54:36,2025-04-22 08:54:36,2025-04-22 09:04:36,accepted,49afd17b-8f9a-40c0-a511-af30d2750230,947694cc-65ad-4365-942b-832016de600c,premium,,credit_card,New Wendy,-46.5477325,105.073754,,none,cold,True,stad
2025-04-22 07:30:36,2025-04-22 07:30:36,2025-04-22 07:37:36,accepted,bb0dff46-bb69-4efe-a2cd-a5cee39f99d1,6fd7e8fb-90f1-4644-801a-da2d268f6991,luxury,,unusual_card,East Susan,31.217216,-22.310609,,classical,warm,True,mouth
2025-04-22 08:16:36,2025-04-22 08:16:36,2025-04-22 08:24:36,cancelled,f9955f31-2ae2-4e06-bee2-6f4790b7b1ae,89aa5dd1-6d1a-4dcf-b86f-e5e821015932,premium,,unverified_wallet,Pratttown,-62.049822,174.620211,,none,moderate,True,bury
2025-04-22 09:34:36,2025-04-22 09:34:36,2025-04-22 09:41:36,accepted,82c71190-0048-41f3-b038-b32d512f753b,07736c5e-6e0b-4a5b-9247-30faef0c43b8,luxury,,unverified_wallet,New Cindyhaven,11.947092,-144.686799,,classical,cold,True,chester
2025-04-22 07:17:36,2025-04-22 07:17:36,2025-04-22 07:20:36,requested,79d6eed3-95ca-4a8d-93ce-5ea742ea69c8,422fb67c-25f2-4d40-b740-0ef3e21ebdd6,luxury,,unusual_card,Madisonton,33.0027265,75.528351,,none,warm,False,furt
2025-04-22 09:11:36,2025-04-22 09:11:36,2025-04-22 09:12:36,cancelled,34e08442-e4fd-4773-9a08-a30b3765f046,61e193ac-4350-40b8-bbbf-fb3c46c02303,standard,,credit_card,South Jeremybury,55.1050035,45.917804,,jazz,cold,True,shire
2025-04-22 09:04:36,2025-04-22 09:04:36,2025-04-22 09:10:36,available,2ec745bf-8cf7-4144-abfb-4c927801acad,b1618131-ea0a-4dbd-b73c-9c23f44aa616,luxury,,credit_card,West Tonyaside,-19.824616,-126.987430,,pop,cold,False,burgh
2025-04-22 07:53:36,2025-04-22 07:53:36,2025-04-22 08:02:36,cancelled,c0e4a9fe-a96d-4847-8481-473625eb53e6,a399f3a1-276c-4651-8c3d-c7eb0ae0ac03,premium,,unverified_wallet,Loveshire,5.407163,-114.287253,,none,cold,False,fort
2025-04-22 09:44:36,2025-04-22 09:44:36,2025-04-22 09:49:36,completed,7df80eb4-22b4-427c-9eb1-f619cbb0151d,6ba8bdcf-e35d-4577-b2fb-d4f2d2746374,standard,57.0,paypal,New Dylanton,-61.672169,-54.234816,3.118901635561274,classical,moderate,True,side
2025-04-22 08:08:36,2025-04-22 08:08:36,2025-04-22 08:11:36,completed,1c9c7e54-75b1-47aa-8d36-b3bf9ab6167c,e2f978d8-2149-48d9-9ed9-7fb98cc285c3,luxury,42.0,unusual_card,Chavezburgh,-8.907453,-4.812981,4.541648345201895,none,warm,True,fort
2025-04-22 07:22:36,2025-04-22 07:22:36,2025-04-22 07:27:36,accepted,ab7fcb75-e7b2-47b2-8b0d-3f0f159f16e1,a18fb6a1-9558-4da6-8a61-03f603c87ebc,premium,,unverified_wallet,Johnnybury,-77.249248,-94.413669,,jazz,warm,False,ville
2025-04-22 08:22:36,2025-04-22 08:22:36,2025-04-22 08:28:36,requested,924194c8-ad36-406c-9b37-ac31204dac08,77912aef-d554-4e4f-aad6-9721ec0f2742,premium,,credit_card,New Charles,-67.1690455,64.576696,,jazz,warm,True,side
2025-04-22 09:00:36,2025-04-22 09:00:36,2025-04-22 09:09:36,completed,7bd441e1-85ee-449f-83cc-177f89105b3d,013f156c-19f8-4ec5-b389-cf35ee9185b5,premium,53.0,unusual_card,Daughertychester,-17.6910325,-26.390132,3.5058093604377127,classical,cold,False,shire
2025-04-22 07:24:36,2025-04-22 07:24:36,2025-04-22 07:32:36,requested,6468de63-e71c-4be3-9dd6-dada6352327e,b3d04a59-29a8-4c3e-b90e-229008c4fab3,premium,,paypal,Rochaville,52.1903265,177.241770,,pop,warm,True,borough
2025-04-22 07:44:36,2025-04-22 07:44:36,2025-04-22 07:54:36,requested,1114ec3d-8235-41b6-9fa8-c35623ef2b7f,e297bc79-025f-45f0-ad65-1ea1b538defd,luxury,,unusual_card,Hannahside,-60.0358285,23.942958,,none,warm,False,land
2025-04-22 08:31:36,2025-04-22 08:31:36,2025-04-22 08:35:36,completed,0bb4575f-081e-4f2f-aa9a-d37caf3d7919,d7835415-1b18-4928-872e-5de4a91f1c67,standard,49.0,credit_card,Elizabethchester,35.799646,27.764245,4.3977835354363215,classical,warm,False,land
2025-04-22 08:54:36,2025-04-22 08:54:36,2025-04-22 08:58:36,accepted,1cc6120e-4221-43be-9afc-6f9541688c1b,075510db-b8ee-40ab-82fa-c89fa5ae63c1,luxury,,credit_card,Hannahview,37.854505,-148.329648,,jazz,warm,False,ton
2025-04-22 09:41:36,2025-04-22 09:41:36,2025-04-22 09:43:36,completed,59a77ff0-8bf4-4307-bcbf-65cd055fa8f8,2ded4a52-45d4-4ca3-9ade-6e35614ee3d3,standard,8.0,unverified_wallet,West Shaneside,33.2902405,86.513241,4.716586916707158,none,cold,True,haven
2025-04-22 09:53:36,2025-04-22 09:53:36,2025-04-22 10:02:36,completed,06cda65b-1195-4fd4-8825-a3e189033ce7,f73686a3-2e45-4e41-a2d9-ca2844b55d17,luxury,33.0,unverified_wallet,Lake Jacob,13.0772715,-89.145174,3.845448447620143,pop,cold,False,fort
2025-04-22 07:42:36,2025-04-22 07:42:36,2025-04-22 07:51:36,cancelled,4bece422-be3f-4156-aa2d-abef494ae5fc,d9dde513-0d96-438a-a5e2-6e19e29f3865,luxury,,unverified_wallet,West Joshua,-59.2960795,-85.419440,,classical,moderate,True,town
2025-04-22 07:24:36,2025-04-22 07:24:36,2025-04-22 07:33:36,accepted,b2fc2dab-7e49-4d3d-a6b1-d909d67132d4,b1dc98f9-b68a-41ac-a5cf-1ebf2b566eae,luxury,,unverified_wallet,Trevorchester,-84.879576,1.066558,,classical,cold,False,fort
2025-04-22 09:41:36,2025-04-22 09:41:36,2025-04-22 09:47:36,requested,554e4cb4-bbc1-4d3f-9a75-ccd9eeb92c41,30d401bc-9846-46bb-ad65-e054101c58a1,standard,,credit_card,Codystad,-75.698587,-114.899553,,pop,warm,False,berg
2025-04-22 09:29:36,2025-04-22 09:29:36,2025-04-22 09:30:36,available,d55985b3-680d-47c9-b6d6-861ac5209b8a,ed4ddede-f096-4e78-b06c-66fc8b02fb86,premium,,credit_card,North Christopherburgh,54.003078,-98.833522,,pop,warm,True,land
2025-04-22 08:57:36,2025-04-22 08:57:36,2025-04-22 08:59:36,accepted,50e5ab69-1b83-4cb3-9dbd-30e31e1fb6c7,fbefb824-2854-495b-aa6b-2e25b076d5d3,standard,,unusual_card,Kellymouth,76.045949,73.300651,,classical,moderate,False,mouth
2025-04-22 08:31:36,2025-04-22 08:31:36,2025-04-22 08:37:36,accepted,b1a9be49-7826-4790-b35b-c5b220729fd3,1cfd4cde-7905-472b-a367-defcebe5040a,luxury,,paypal,Annetteview,-86.4391115,-53.068506,,none,moderate,False,mouth
2025-04-22 07:32:36,2025-04-22 07:32:36,2025-04-22 07:37:36,cancelled,9bbf1374-35d4-401f-9820-10d9951718be,97576b24-284b-437b-8ecb-b593828f9322,luxury,,paypal,New Angelafurt,58.8162895,151.785364,,none,cold,False,shire
2025-04-22 10:08:36,2025-04-22 10:08:36,2025-04-22 10:15:36,accepted,624b4d8b-9f83-424c-9862-d57407dc034c,5bcb9087-ef36-4c9d-8a8f-4a9a89476197,premium,,credit_card,West Sheri,-76.4129875,33.221280,,pop,moderate,True,furt
2025-04-22 07:51:36,2025-04-22 07:51:36,2025-04-22 08:00:36,requested,aff7f3a1-6085-491e-9d23-9f76a2434ec4,97a9401d-ae8d-44f4-bc01-83c6f4b80731,standard,,unverified_wallet,Jamesfort,40.4835935,128.125788,,classical,warm,True,berg
2025-04-22 09:26:36,2025-04-22 09:26:36,2025-04-22 09:30:36,cancelled,7cf4e50a-3ec7-4d7e-a721-1b8ff914e237,2937bd3c-623b-47f1-a557-81a7b50ba1fb,luxury,,unverified_wallet,South Anna,58.0465845,165.689755,,classical,moderate,False,chester
2025-04-22 07:53:36,2025-04-22 07:53:36,2025-04-22 08:02:36,cancelled,d6976cd5-5925-4cca-8ea0-efa03e5fcb56,32a7ffb2-f9f2-403c-ba38-24dfde167d30,luxury,,paypal,New Michael,-9.5179065,-93.614442,,classical,cold,False,fort
2025-04-22 09:46:36,2025-04-22 09:46:36,2025-04-22 09:54:36,available,3185bc4b-46eb-4109-afd9-105a40ea740c,e89b111c-cb3e-4ecb-a4af-77fdbc013fc2,premium,,unverified_wallet,Richardhaven,21.798856,-30.473468,,none,warm,False,side
2025-04-22 08:53:36,2025-04-22 08:53:36,2025-04-22 08:56:36,accepted,b1ed720d-f524-4255-9406-37a6211138d5,6c3d61ff-0c9e-4e28-9979-66ad23f54172,luxury,,unverified_wallet,East Lisa,56.771484,97.326977,,classical,moderate,True,ville
2025-04-22 08:01:36,2025-04-22 08:01:36,2025-04-22 08:06:36,completed,67ab7e79-5923-4e65-b1c6-3a3e9e4eaf32,5661bd2f-773b-424e-8aa6-5bc3afa86f64,standard,36.0,credit_card,East Jill,58.5057625,-133.657492,4.812833020167726,none,warm,True,berg
2025-04-22 08:03:36,2025-04-22 08:03:36,2025-04-22 08:10:36,requested,413c4814-df57-418a-aa32-e0d71d6ef029,4beea214-fc6d-4bc0-af2f-f6e028e92cff,premium,,unusual_card,Ericland,-3.864058,-8.845846,,none,moderate,False,ton
2025-04-22 07:27:36,2025-04-22 07:27:36,2025-04-22 07:29:36,requested,8b939f0c-e27d-401c-8aac-97a067574990,8fae124f-56e4-40c4-83cc-bd7c938134c4,standard,,credit_card,Wallaceton,-86.252330,82.470934,,pop,warm,True,burgh
2025-04-22 09:35:36,2025-04-22 09:35:36,2025-04-22 09:37:36,completed,afe14743-526f-4e99-b319-376f1d5ddc37,d86095f4-e963-422a-81c9-1d9a3f7de3a4,luxury,26.0,credit_card,South Andreahaven,-22.150769,-80.479750,3.1999704408489906,none,cold,True,burgh
2025-04-22 09:58:36,2025-04-22 09:58:36,2025-04-22 10:07:36,requested,78c0c6bc-c20b-4e07-b950-e3127fd363ba,9e084411-e6a9-413c-aeea-b59380c4cda5,luxury,,paypal,Harrisside,-29.710396,144.511438,,jazz,warm,True,fort
2025-04-22 10:01:36,2025-04-22 10:01:36,2025-04-22 10:10:36,cancelled,23d12e60-6b00-4963-a042-52daad5fc59a,54f65984-3e02-4b6e-bc6f-02ca12401a9d,standard,,paypal,North Paulland,-87.2969745,31.385141,,jazz,warm,True,side
2025-04-22 09:42:36,2025-04-22 09:42:36,2025-04-22 09:45:36,requested,3d6e41f8-7631-4cc8-a219-227b087e7796,b8a599a9-ac99-4b22-a432-fcec3e4f500e,premium,,unverified_wallet,North Davidtown,0.4203345,96.452655,,classical,cold,True,mouth
2025-04-22 09:27:36,2025-04-22 09:27:36,2025-04-22 09:30:36,accepted,f9459283-4f6e-405e-a8b7-bc7739aa52ef,36a0b849-9a3d-4c56-a075-c8fc22349297,luxury,,unusual_card,Camachomouth,7.203360,32.254731,,none,warm,False,view
2025-04-22 08:32:36,2025-04-22 08:32:36,2025-04-22 08:35:36,accepted,55c3b256-a7cd-487e-bf70-0c05d704dda4,81c61f50-a9d3-49f2-8c3e-def4c2b39dde,premium,,unusual_card,Fergusonshire,-19.708526,-88.955720,,pop,moderate,True,burgh
2025-04-22 09:51:36,2025-04-22 09:51:36,2025-04-22 09:59:36,requested,e536faf1-f201-4c5a-9a55-0cab062f1016,4ca4b571-49a1-4775-aeee-831e37cc66aa,luxury,,credit_card,Melissafort,-67.8311965,-29.861032,,pop,cold,False,view
2025-04-22 07:43:36,2025-04-22 07:43:36,2025-04-22 07:47:36,accepted,9c9f87a1-e5e5-4d2a-8e4b-faf2b7fb9788,50a63911-f4d4-4299-b671-debdf17cb4c3,standard,,unusual_card,Martinezstad,76.164207,-139.130381,,pop,warm,True,shire
